,0,1,,,
0,['Equip Fail'],V0019,2,0,
1,['Bad'],V0020,2,0,
2,['Bad'],V0021,2,0,
3,['Equip Fail'],V0022,2,0,
4,['Bad'],V0023,2,0,
5,['Bad'],V0024,2,0,
6,['Equip Fail'],V0034,2,0,
7,['Bad'],V0035,2,0,
8,['Bad'],V0036,2,0,
9,['Equip Fail'],V0037,2,0,
10,['Bad'],V0038,2,0,
11,['Bad'],V0039,2,0,
12,['Bad'],V0086,2,0,
13,['Bad'],V0087,2,0,
14,['Bad'],V0088,2,0,
15,['Bad'],V0089,2,0,
16,['OFF'],V0221,2,0,
17,['OFF'],V0222,2,0,
18,['OFF'],V0223,2,0,
19,['OFF'],V0224,2,0,
20,['ON'],V0225,2,0,
21,['ON'],V0226,2,0,
22,['ON'],V0227,2,0,
23,['ON'],V0228,2,0,
24,['OFF'],V0229,2,0,
25,['OFF'],V0230,2,0,
26,['OFF'],V0231,2,0,
27,['OFF'],V0232,2,0,
28,['OFF'],V0233,2,0,
29,['OFF'],V0234,2,0,
30,['OFF'],V0235,2,0,
31,['OFF'],V0236,2,0,
32,['OFF'],V0237,2,0,
33,['OFF'],V0238,2,0,
34,['ON'],V0239,2,0,
35,['ON'],V0240,2,0,
36,['Bad' 'CLOSE'],V0243,4,1,
37,['Bad' 'CLOSE'],V0246,4,1,
38,['OPEN'],V0249,2,0,
39,['OPEN'],V0252,2,0,
40,['OPEN'],V0255,2,0,
41,['OPEN'],V0258,2,0,
42,['OPEN'],V0261,2,0,
43,['OPEN'],V0264,2,0,
44,['OPEN'],V0267,2,0,
45,['OPEN'],V0270,2,0,
46,['MID POSITION' 'CLOSE'],V0273,4,1,
47,['MID POSITION' 'CLOSE'],V0276,4,1,
48,['MID POSITION' 'CLOSE'],V0279,4,1,
49,['MID POSITION' 'CLOSE'],V0282,4,1,
50,['MID POSITION' 'CLOSE'],V0285,4,1,
51,['MID POSITION' 'CLOSE'],V0288,4,1,
52,['CLOSE'],V0291,2,0,
53,['CLOSE'],V0294,2,0,
54,['OPEN'],V0337,2,0,
55,['OPEN'],V0340,2,0,
56,['CLOSE'],V0343,2,0,
57,['OPEN'],V0346,2,0,
58,['OPEN'],V0349,2,0,
59,['OPEN'],V0352,2,0,
60,['OPEN'],V0355,2,0,
61,['OPEN'],V0358,2,0,
62,['OPEN'],V0361,2,0,
63,['OPEN'],V0364,2,0,
64,['OPEN'],V0367,2,0,
65,['OPEN'],V0370,2,0,
66,['OPEN'],V0373,2,0,
67,['OPEN'],V0376,2,0,
68,['OPEN'],V0379,2,0,
69,['OPEN'],V0382,2,0,
70,['OPEN'],V0385,2,0,
71,['Bad'],V0525,2,0,
72,['Bad' 0.078125 0.0625 0.0546875],V0542,2,0,-1
73,['OFF'],V0544,2,0,
74,['OFF'],V0545,2,0,
75,['OFF'],V0546,2,0,
76,['OFF'],V0547,2,0,
77,['OFF'],V0548,2,0,
78,['OFF'],V0549,2,0,
79,['OFF'],V0753,2,0,
80,['OFF'],V0754,2,0,
81,['OFF'],V0755,2,0,
82,['OFF'],V0780,2,0,
83,['OFF'],V0781,2,0,
84,['OFF'],V0808,2,0,
85,['OFF'],V0809,2,0,
86,['Bad'],V0819,2,0,
87,['Bad'],V0820,2,0,
88,['Bad'],V0821,2,0,
89,['Bad'],V0822,2,0,
90,['Bad'],V0951,2,0,
91,['ON' 'OFF'],V0952,4,1,
92,['OFF' 'ON'],V0953,4,1,
93,['OFF'],V0954,2,0,
94,['OFF'],V0955,2,0,
95,['OFF'],V0956,2,0,
96,['OFF'],V0957,2,0,
97,['OFF'],V0958,2,0,
98,['OFF'],V0959,2,0,
99,['OFF'],V0960,2,0,
100,['ON' 'OFF'],V0961,4,1,
101,['OFF' 'ON'],V1105,4,1,
102,['ON' 'OFF'],V1106,4,1,
103,['OFF'],V1120,2,0,
104,['OFF'],V1121,2,0,
105,['OFF'],V1122,2,0,
106,['OFF'],V1123,2,0,
107,['OFF'],V1132,2,0,
108,['OFF' 'ON'],V1193,4,1,
109,['ON'],V1194,2,0,
110,['ON' 'OFF'],V1195,4,1,
111,['OFF'],V1196,2,0,
112,['OFF' 'ON'],V1267,4,1,
113,['ON'],V1268,2,0,
114,['ON' 'OFF'],V1269,4,1,
115,['OFF'],V1270,2,0,
116,['OFF'],V1271,2,0,
117,['OFF'],V1272,2,0,
118,['MID POSITION' 'CLOSE'],V1279,4,1,
119,['OPEN'],V1314,2,0,
120,['OFF' 'ON'],V1397,4,1,
121,['OFF' 'ON'],V1398,4,1,
122,['OFF' 'ON'],V1399,4,1,
123,['OFF' 'ON'],V1400,4,1,
124,['OFF' 'ON'],V1401,4,1,
125,['OFF' 'ON'],V1402,4,1,
126,['OFF' 'ON'],V1403,4,1,
127,['OFF' 'ON'],V1404,4,1,
128,['ON'],V1405,2,0,
129,['ON'],V1406,2,0,
130,['ON'],V1407,2,0,
131,['ON'],V1408,2,0,
132,['ON'],V1409,2,0,
133,['ON'],V1410,2,0,
134,['ON'],V1411,2,0,
135,['ON'],V1412,2,0,
136,['ON' 'OFF'],V1413,4,1,
137,['ON' 'OFF'],V1414,4,1,
138,['ON' 'OFF'],V1415,4,1,
139,['ON' 'OFF'],V1416,4,1,
140,['ON' 'OFF'],V1417,4,1,
141,['ON' 'OFF'],V1418,4,1,
142,['ON' 'OFF'],V1419,4,1,
143,['ON' 'OFF'],V1420,4,1,
144,['OFF'],V1421,2,0,
145,['OFF'],V1422,2,0,
146,['OFF'],V1423,2,0,
147,['OFF'],V1424,2,0,
148,['OFF'],V1425,2,0,
149,['OFF'],V1426,2,0,
150,['OFF'],V1427,2,0,
151,['OFF'],V1428,2,0,
152,['OFF' 'ON'],V1446,4,1,
153,['ON' 'OFF'],V1447,4,1,
154,['ON' 'OFF'],V1448,4,1,
155,['OFF' 'ON'],V1449,4,1,
156,['OPEN'],V1454,2,0,
157,['OPEN'],V1459,2,0,
158,['OFF' 'ON'],V1463,4,1,
159,['ON' 'OFF'],V1464,4,1,
160,['ON' 'OFF'],V1465,4,1,
161,['OFF' 'ON'],V1466,4,1,
162,['OFF'],V1477,2,0,
163,['OFF'],V1478,2,0,
164,['OFF'],V1479,2,0,
165,['OFF'],V1480,2,0,
166,['OFF'],V1481,2,0,
167,['OFF'],V1482,2,0,
168,['OFF'],V1492,2,0,
169,['OFF'],V1493,2,0,
170,['OFF'],V1494,2,0,
171,['No Data'],V1499,2,0,
172,['No Data'],V1500,2,0,
173,['OFF' 'ON'],V1563,4,1,
174,['ON' 'OFF'],V1564,4,1,
175,['OFF'],V1565,2,0,
176,['OFF'],V1566,2,0,
177,['OFF'],V1721,2,0,
178,['ON'],V1722,2,0,
179,['OFF'],V1723,2,0,
180,['OFF'],V1724,2,0,
181,['OFF'],V1725,2,0,
182,['OFF'],V1726,2,0,
183,['OFF'],V1727,2,0,
184,['OFF'],V1728,2,0,
185,['OFF'],V1729,2,0,
186,['OFF'],V1730,2,0,
187,['OFF'],V1731,2,0,
188,['OFF'],V1732,2,0,
189,['OFF'],V1733,2,0,
190,['OFF'],V1734,2,0,
191,['OFF'],V1735,2,0,
192,['System.Char[]'],V1736,2,0,-1
193,['OFF' 'ON'],V1739,4,1,
194,['ON' 'OFF'],V1740,4,1,
195,['OFF' 'ON'],V1741,4,1,
196,['Normal'],V1742,2,0,
197,['ON' 'OFF'],V1743,4,1,
198,['OFF' 'ON'],V1744,4,1,
199,['OFF'],V1745,2,0,
200,['OFF'],V1746,2,0,
201,['OFF'],V1747,2,0,
202,['OFF'],V1748,2,0,
203,['OFF'],V1749,2,0,
204,['OFF'],V1750,2,0,
205,['OFF'],V1751,2,0,
206,['OFF'],V1752,2,0,
207,['ON'],V1753,2,0,
208,['ON'],V1754,2,0,
209,['ON'],V1755,2,0,
210,['ON'],V1756,2,0,
211,['OFF'],V1757,2,0,
212,['OFF'],V1758,2,0,
213,['OFF'],V1772,2,0,
214,['OFF'],V1773,2,0,
215,['OFF'],V1774,2,0,
216,['OFF'],V1775,2,0,
217,['OFF'],V1776,2,0,
218,['OFF'],V1777,2,0,
219,['OFF'],V1778,2,0,
220,['OFF'],V1779,2,0,
221,['OFF'],V1780,2,0,
222,['OFF'],V1781,2,0,
223,['OFF'],V1782,2,0,
224,['Bad'],V1831,2,0,
225,['Bad'],V1832,2,0,
226,['OFF'],V2203,2,0,
227,['OFF'],V2204,2,0,
228,['OFF'],V2205,2,0,
229,['OFF'],V2206,2,0,
230,['OFF'],V2207,2,0,
231,['OFF'],V2208,2,0,
232,['OFF'],V2209,2,0,
233,['OFF'],V2210,2,0,
234,['OFF'],V2211,2,0,
235,['OFF'],V2212,2,0,
236,['OFF'],V2213,2,0,
237,['OFF'],V2214,2,0,
238,['OFF' 'Bad' 'PRIORITY 3'],V2215,6,1,
239,['OFF'],V2216,2,0,
240,['OFF'],V2394,2,0,
241,['OFF'],V2401,2,0,
242,['OFF'],V2402,2,0,
243,['OFF'],V2403,2,0,
244,['OFF'],V2404,2,0,
245,['ON'],V2405,2,0,
246,['OFF'],V2406,2,0,
247,['OFF'],V2407,2,0,
248,['OFF'],V2408,2,0,
249,['OFF'],V2409,2,0,
250,['OFF'],V2410,2,0,
251,['OFF'],V2411,2,0,
252,['ON'],V2412,2,0,
253,['OFF'],V2413,2,0,
254,['OFF'],V2414,2,0,
255,['OFF'],V2415,2,0,
256,['OFF'],V2416,2,0,
257,['OFF'],V2417,2,0,
258,['OFF'],V2418,2,0,
259,['ON' 'OFF'],V2419,4,1,
260,['OFF'],V2420,2,0,
261,['OFF'],V2421,2,0,
262,['ON'],V2460,2,0,
263,['ON'],V2461,2,0,
264,['OFF'],V2462,2,0,
265,['OFF'],V2463,2,0,
266,['ON'],V2464,2,0,
267,['OFF'],V2465,2,0,
268,['OFF'],V2466,2,0,
269,['OFF'],V2467,2,0,
270,['OFF'],V2468,2,0,
271,['OFF'],V2469,2,0,
272,['OFF'],V2470,2,0,
273,['OFF'],V2471,2,0,
274,['ON'],V2472,2,0,
275,['OFF'],V2473,2,0,
276,['OFF'],V2474,2,0,
277,['OFF'],V2475,2,0,
278,['ON'],V2476,2,0,
279,['ON'],V2477,2,0,
280,['OFF'],V2478,2,0,
281,['OFF'],V2479,2,0,
282,['ON'],V2480,2,0,
283,['OFF'],V2481,2,0,
284,['OFF'],V2482,2,0,
285,['OFF'],V2483,2,0,
286,['OFF'],V2484,2,0,
287,['OFF'],V2485,2,0,
288,['OFF'],V2486,2,0,
289,['OFF'],V2487,2,0,
290,['ON'],V2488,2,0,
291,['OFF'],V2489,2,0,
292,['OFF'],V2490,2,0,
293,['OFF'],V2491,2,0,
294,['ON' 'OFF'],V2492,4,1,
295,['ON'],V2493,2,0,
296,['OFF' 'ON'],V2494,4,1,
297,['OFF' 'ON'],V2495,4,1,
298,['ON' 'OFF'],V2496,4,1,
299,['OFF'],V2497,2,0,
300,['OFF'],V2498,2,0,
301,['OFF' 'ON'],V2499,4,1,
302,['OFF'],V2500,2,0,
303,['OFF'],V2501,2,0,
304,['OFF'],V2502,2,0,
305,['OFF'],V2503,2,0,
306,['ON'],V2504,2,0,
307,['OFF'],V2505,2,0,
308,['OFF'],V2506,2,0,
309,['OFF'],V2507,2,0,
310,['OFF'],V2570,2,0,
311,['OFF'],V2571,2,0,
312,['Bad'],V2682,2,0,
313,['Bad'],V2683,2,0,
314,['OFF' 'ON'],V2684,4,1,
315,['ON'],V2685,2,0,
316,['ON' 'OFF'],V2686,4,1,
317,['OFF' 'ON'],V2799,4,1,
318,['OFF' 'ON'],V2800,4,1,
319,['OFF' 'ON'],V2801,4,1,
320,['ON'],V2808,2,0,
321,['ON'],V2809,2,0,
322,['ON'],V2810,2,0,
323,['ON' 'OFF'],V2817,4,1,
324,['ON' 'OFF'],V2818,4,1,
325,['ON' 'OFF'],V2819,4,1,
326,['OFF'],V2820,2,0,
327,['OFF'],V2840,2,0,
328,['OFF'],V2841,2,0,
329,['OFF' 'ON'],V2842,4,1,
330,['OFF'],V2843,2,0,
331,['ON' 'OFF'],V2844,4,1,
332,['OFF'],V2869,2,0,
333,['OFF'],V2870,2,0,
334,['OFF'],V2871,2,0,
335,['OFF'],V2872,2,0,
336,['OFF'],V2873,2,0,
337,['OFF'],V2874,2,0,
338,['OFF'],V2875,2,0,
339,['ON'],V3109,2,0,
340,['ON'],V3110,2,0,
341,['ON' 'OFF'],V3111,4,1,
342,['ON'],V3112,2,0,
343,['ON'],V3113,2,0,
344,['ON' 'OFF'],V3114,4,1,
345,['OFF'],V3115,2,0,
346,['OFF'],V3177,2,0,
347,['OFF'],V3178,2,0,
348,['OFF'],V3187,2,0,
349,['OFF'],V3188,2,0,
350,['OFF'],V3189,2,0,
351,['OFF' 'ON'],V3190,4,1,
352,['OFF' 'ON'],V3191,4,1,
353,['OFF'],V3282,2,0,
354,['OFF'],V3283,2,0,
355,['OFF' 'ON'],V3367,4,1,
356,['ON'],V3368,2,0,
357,['ON'],V3369,2,0,
358,['ON'],V3370,2,0,
359,['ON'],V3371,2,0,
360,['ON'],V3372,2,0,
361,['OFF'],V3373,2,0,
362,['OFF'],V3374,2,0,
363,['OFF' 'ON'],V3411,4,1,
364,['OFF' 'ON'],V3412,4,1,
365,['OFF' 'ON'],V3413,4,1,
366,['ON'],V3414,2,0,
367,['ON'],V3415,2,0,
368,['ON'],V3416,2,0,
369,['ON'],V3417,2,0,
370,['ON'],V3418,2,0,
371,['ON'],V3419,2,0,
372,['ON'],V3420,2,0,
373,['ON'],V3421,2,0,
374,['ON'],V3422,2,0,
375,['ON'],V3423,2,0,
376,['ON'],V3424,2,0,
377,['ON'],V3425,2,0,
378,['ON'],V3426,2,0,
379,['ON'],V3427,2,0,
380,['ON'],V3428,2,0,
381,['OFF'],V3429,2,0,
382,['OFF'],V3430,2,0,
383,['OFF'],V3431,2,0,
384,['OFF' 'ON'],V3446,4,1,
385,['OFF' 'ON'],V3447,4,1,
386,['OFF' 'ON'],V3448,4,1,
387,['OFF' 'ON'],V3449,4,1,
388,['OFF' 'ON'],V3450,4,1,
389,['OFF' 'ON'],V3451,4,1,
390,['OFF'],V3452,2,0,
391,['OFF'],V3453,2,0,
392,['OFF'],V3454,2,0,
393,['OFF'],V3455,2,0,
394,['Bad'],V3517,2,0,
395,['ON' 'OFF'],V3519,4,1,
396,['OFF' 'ON'],V3520,4,1,
397,['ON' 'OFF'],V3545,4,1,
398,['ON'],V3546,2,0,
399,['OFF'],V3551,2,0,
400,['OFF'],V3552,2,0,
401,['OFF'],V3553,2,0,
402,['OFF'],V3554,2,0,
403,['OFF'],V3555,2,0,
404,['OFF'],V3556,2,0,
405,['OFF'],V3557,2,0,
406,['OFF'],V3558,2,0,
407,['OFF'],V3561,2,0,
408,['OFF'],V3562,2,0,
409,['Equip Fail'],V3567,2,0,
410,['OFF' 'ON'],V3578,4,1,
411,['OFF' 'ON'],V3579,4,1,
412,['OFF'],V3580,2,0,
413,['ON' 'OFF'],V3581,4,1,
414,['OFF'],V3603,2,0,
415,['ON' 'OFF'],V3630,4,1,
416,['OFF' 'ON'],V3631,4,1,
417,['OFF'],V3632,2,0,
418,['OFF'],V3633,2,0,
419,['ON' 'OFF'],V3634,4,1,
420,['OFF' 'ON'],V3635,4,1,
421,['OFF'],V3636,2,0,
422,['OFF'],V3637,2,0,
423,['OFF'],V3640,2,0,
424,['ON'],V3641,2,0,
425,['ON'],V3642,2,0,
426,['ON'],V3643,2,0,
427,['ON' 'OFF'],V3644,4,1,
428,['OFF' 'ON'],V3645,4,1,
429,['ON' 'OFF'],V3646,4,1,
430,['OFF' 'ON'],V3647,4,1,
431,['OFF'],V3648,2,0,
432,['OFF'],V3649,2,0,
433,['OFF'],V3650,2,0,
434,['OFF'],V3651,2,0,
435,['OFF'],V3652,2,0,
436,['OFF'],V3653,2,0,
437,['OFF'],V3654,2,0,
438,['ON'],V3655,2,0,
439,['ON'],V3656,2,0,
440,['OFF'],V3657,2,0,
441,['OFF'],V3658,2,0,
442,['ON' 'OFF'],V3661,4,1,
443,['OFF' 'ON'],V3665,4,1,
444,['OFF'],V3669,2,0,
445,['OFF'],V3672,2,0,
446,['OFF' 'ON'],V3692,4,1,
447,['OFF' 'ON'],V3693,4,1,
448,['ON' 'OFF'],V3694,4,1,
449,['OFF' 'ON'],V3695,4,1,
450,['OFF'],V3696,2,0,
451,['ON' 'OFF'],V3697,4,1,
452,['OFF' 'ON'],V3698,4,1,
453,['OFF' 'ON'],V3699,4,1,
454,['ON' 'OFF'],V3700,4,1,
455,['OFF'],V3701,2,0,
456,['OFF'],V3702,2,0,
457,['OFF'],V3703,2,0,
458,['OFF' 'ON'],V3704,4,1,
459,['OFF' 'ON'],V3705,4,1,
460,['OFF'],V3706,2,0,
461,['OFF'],V3707,2,0,
462,['OFF'],V3708,2,0,
463,['OFF'],V3709,2,0,
464,['OFF'],V3722,2,0,
465,['OFF'],V3725,2,0,
466,['OFF'],V3726,2,0,
467,['OFF'],V3727,2,0,
468,['OFF'],V3728,2,0,
469,['OFF'],V3729,2,0,
470,['OFF' 'ON'],V3730,4,1,
471,['OFF' 'ON'],V3731,4,1,
472,['ON' 'OFF'],V3732,4,1,
473,['OFF' 'ON'],V3733,4,1,
474,['OFF'],V3734,2,0,
475,['ON' 'OFF'],V3735,4,1,
476,['OFF' 'ON'],V3736,4,1,
477,['OFF' 'ON'],V3737,4,1,
478,['ON' 'OFF'],V3738,4,1,
479,['OFF'],V3739,2,0,
480,['OFF'],V3740,2,0,
481,['OFF'],V3741,2,0,
482,['OFF' 'ON'],V3742,4,1,
483,['OFF' 'ON'],V3743,4,1,
484,['OFF'],V3744,2,0,
485,['OFF'],V3745,2,0,
486,['OFF' 'ON'],V3746,4,1,
487,['OFF' 'ON'],V3747,4,1,
488,['ON'],V3748,2,0,
489,['OFF'],V3749,2,0,
490,['OFF'],V3750,2,0,
491,['ON'],V3751,2,0,
492,['OFF' 'ON'],V3752,4,1,
493,['OFF' 'ON'],V3753,4,1,
494,['OFF' 'ON'],V3754,4,1,
495,['OFF'],V3755,2,0,
496,['OFF'],V3756,2,0,
497,['OFF'],V3757,2,0,
498,['OFF'],V3758,2,0,
499,['ON' 'OFF'],V3759,4,1,
500,['ON' 'OFF'],V3760,4,1,
501,['OFF' 'ON'],V3761,4,1,
502,['OFF'],V3762,2,0,
503,['OFF' 'ON'],V3763,4,1,
504,['ON'],V3764,2,0,
505,['ON'],V3765,2,0,
506,['ON'],V3766,2,0,
507,['OFF' 'ON'],V3767,4,1,
508,['ON' 'OFF'],V3768,4,1,
509,['OFF' 'ON'],V3769,4,1,
510,['ON'],V3770,2,0,
511,['ON'],V3771,2,0,
512,['OFF'],V3772,2,0,
513,['OFF'],V3773,2,0,
514,['OFF'],V3774,2,0,
515,['ON'],V3775,2,0,
516,['ON'],V3776,2,0,
517,['ON'],V3777,2,0,
518,['ON'],V3778,2,0,
519,['ON'],V3779,2,0,
520,['ON'],V3780,2,0,
521,['OFF'],V3781,2,0,
522,['OFF'],V3782,2,0,
523,['OFF'],V3783,2,0,
524,['ON' 'OFF'],V3784,4,1,
525,['OFF' 'ON'],V3785,4,1,
526,['OFF' 'ON'],V3786,4,1,
527,['ON'],V3787,2,0,
528,['ON'],V3788,2,0,
529,['OFF' 'ON'],V3789,4,1,
530,['ON' 'OFF'],V3790,4,1,
531,['ON'],V3791,2,0,
532,['ON'],V3792,2,0,
533,['OFF'],V3793,2,0,
534,['OFF'],V3794,2,0,
535,['OFF'],V3795,2,0,
536,['ON'],V3796,2,0,
537,['ON' 'OFF'],V3797,4,1,
538,['ON' 'OFF'],V3798,4,1,
539,['ON' 'OFF'],V3799,4,1,
540,['ON' 'OFF'],V3800,4,1,
541,['OFF'],V3801,2,0,
542,['OFF'],V3802,2,0,
543,['OFF'],V3803,2,0,
544,['OFF'],V3804,2,0,
545,['OFF'],V3805,2,0,
546,['OFF'],V3806,2,0,
547,['OFF'],V3807,2,0,
548,['OFF'],V3808,2,0,
549,['ON'],V3809,2,0,
550,['ON'],V3812,2,0,
551,['ON' 'OFF'],V3813,4,1,
552,['ON'],V3814,2,0,
553,['ON'],V3815,2,0,
554,['ON'],V3818,2,0,
555,['ON'],V3819,2,0,
556,['OFF' 'ON'],V3820,4,1,
557,['OFF'],V3828,2,0,
558,['ON'],V3829,2,0,
559,['ON'],V3830,2,0,
560,['ON'],V3831,2,0,
561,['ON'],V3832,2,0,
562,['ON'],V3833,2,0,
563,['ON'],V3834,2,0,
564,['OFF'],V3835,2,0,
565,['OFF'],V3836,2,0,
566,['OFF'],V3837,2,0,
567,['OFF'],V3838,2,0,
568,['OFF'],V3843,2,0,
569,['OFF'],V3844,2,0,
570,['OFF' 'ON'],V3845,4,1,
571,['OFF' 'ON'],V3846,4,1,
572,['OFF'],V3847,2,0,
573,['OFF'],V3848,2,0,
574,['OFF'],V3913,2,0,
575,['OFF'],V3914,2,0,
576,['ON'],V3915,2,0,
577,['ON'],V3916,2,0,
578,['OFF'],V3917,2,0,
579,['OFF'],V3918,2,0,
580,['ON'],V3919,2,0,
581,['ON'],V3920,2,0,
582,['ON'],V3921,2,0,
583,['OFF' 'ON'],V3922,4,1,
584,['ON' 'OFF'],V3923,4,1,
585,['OFF'],V3924,2,0,
586,['ON'],V3925,2,0,
587,['OFF'],V3926,2,0,
588,['OFF'],V3927,2,0,
589,['OFF'],V3928,2,0,
590,['OFF'],V3929,2,0,
591,['OFF'],V3930,2,0,
592,['OFF'],V3931,2,0,
593,['OFF' 'ON'],V3932,4,1,
594,['ON'],V3933,2,0,
595,['ON' 'OFF'],V3934,4,1,
596,['OFF'],V3935,2,0,
597,['OFF'],V3936,2,0,
598,['OFF'],V3937,2,0,
599,['OFF'],V3938,2,0,
600,['OFF'],V3939,2,0,
601,['OFF'],V3940,2,0,
602,['OFF'],V3941,2,0,
603,['ON' 'OFF'],V3942,4,1,
604,['OFF' 'ON'],V3943,4,1,
605,['OFF'],V3944,2,0,
606,['OFF'],V3945,2,0,
607,['OFF'],V3946,2,0,
608,['OFF'],V3947,2,0,
609,['OFF'],V3948,2,0,
610,['OFF'],V3949,2,0,
611,['OFF'],V3950,2,0,
612,['OFF' 'ON'],V3951,4,1,
613,['ON'],V3952,2,0,
614,['OFF'],V3953,2,0,
615,['OFF'],V3954,2,0,
616,['OFF'],V3955,2,0,
617,['OFF'],V3956,2,0,
618,['OFF'],V3957,2,0,
619,['ON'],V3958,2,0,
620,['ON'],V3959,2,0,
621,['OFF'],V3960,2,0,
622,['ON' 'OFF'],V3961,4,1,
623,['ON' 'OFF'],V3962,4,1,
624,['ON' 'OFF'],V3963,4,1,
625,['OFF' 'ON'],V3964,4,1,
626,['OFF'],V3965,2,0,
627,['ON'],V3966,2,0,
628,['ON'],V3967,2,0,
629,['OFF'],V3968,2,0,
630,['OFF'],V3969,2,0,
631,['ON'],V3970,2,0,
632,['ON'],V3971,2,0,
633,['OFF'],V3972,2,0,
634,['ON'],V3973,2,0,
635,['OFF' 'ON'],V3974,4,1,
636,['ON' 'OFF'],V3975,4,1,
637,['OFF'],V3980,2,0,
638,['OFF'],V3981,2,0,
639,['OFF'],V3982,2,0,
640,['OFF'],V3983,2,0,
641,['OFF'],V3984,2,0,
642,['OFF'],V3985,2,0,
643,['OFF'],V3986,2,0,
644,['OFF'],V3987,2,0,
645,['ON'],V3988,2,0,
646,['OFF'],V3989,2,0,
647,['ON'],V3990,2,0,
648,['ON'],V3991,2,0,
649,['ON'],V3992,2,0,
650,['ON'],V3993,2,0,
651,['ON'],V3994,2,0,
652,['OFF'],V3995,2,0,
653,['OFF' 'ON'],V3996,4,1,
654,['OFF'],V3997,2,0,
655,['OFF' 'ON'],V3998,4,1,
656,['ON'],V3999,2,0,
657,['OFF' 'ON'],V4000,4,1,
658,['ON'],V4001,2,0,
659,['OFF' 'ON'],V4002,4,1,
660,['ON'],V4003,2,0,
661,['ON'],V4004,2,0,
662,['ON' 'OFF'],V4005,4,1,
663,['ON' 'OFF'],V4006,4,1,
664,['OFF'],V4007,2,0,
665,['OFF'],V4008,2,0,
666,['OFF'],V4009,2,0,
667,['OFF'],V4010,2,0,
668,['OFF'],V4011,2,0,
669,['OFF'],V4012,2,0,
670,['ON' 'OFF'],V4013,4,1,
671,['ON' 'OFF'],V4014,4,1,
672,['OFF'],V4015,2,0,
673,['OFF'],V4016,2,0,
674,['OFF' 'ON'],V4017,4,1,
675,['ON' 'OFF'],V4018,4,1,
676,['OFF' 'ON'],V4019,4,1,
677,['OFF' 'ON'],V4020,4,1,
678,['ON'],V4045,2,0,
679,['OFF'],V4046,2,0,
680,['ON'],V4047,2,0,
681,['ON'],V4048,2,0,
682,['OFF' 'ON'],V4049,4,1,
683,['ON' 'OFF'],V4050,4,1,
684,['ON' 'OFF'],V4051,4,1,
685,['OFF' 'ON'],V4052,4,1,
686,['OFF' 'ON'],V4053,4,1,
687,['ON' 'OFF'],V4054,4,1,
688,['OFF' 'ON'],V4055,4,1,
689,['ON' 'OFF'],V4056,4,1,
690,['OFF' 'ON'],V4057,4,1,
691,['ON' 'OFF'],V4058,4,1,
692,['OFF'],V4059,2,0,
693,['ON'],V4060,2,0,
694,['ON'],V4061,2,0,
695,['ON'],V4068,2,0,
696,['ON'],V4069,2,0,
697,['ON'],V4070,2,0,
698,['OFF'],V4071,2,0,
699,['OFF'],V4072,2,0,
700,['OFF'],V4073,2,0,
701,['ON'],V4074,2,0,
702,['ON'],V4075,2,0,
703,['ON'],V4076,2,0,
704,['ON'],V4077,2,0,
705,['ON'],V4078,2,0,
706,['ON'],V4079,2,0,
707,['OFF'],V4088,2,0,
708,['OFF'],V4089,2,0,
709,['OFF'],V4090,2,0,
710,['OFF'],V4091,2,0,
711,['OFF'],V4092,2,0,
712,['OFF'],V4093,2,0,
713,['OFF'],V4099,2,0,
714,['OFF'],V4100,2,0,
715,['OFF'],V4101,2,0,
716,['OFF'],V4102,2,0,
717,['OFF'],V4103,2,0,
718,['OFF'],V4104,2,0,
719,['OFF'],V4105,2,0,
720,['OFF'],V4106,2,0,
721,['OFF'],V4107,2,0,
722,['OFF'],V4108,2,0,
723,['OFF'],V4109,2,0,
724,['OFF'],V4110,2,0,
725,['OFF'],V4131,2,0,
726,['OFF'],V4132,2,0,
727,['OFF'],V4133,2,0,
728,['OFF'],V4134,2,0,
729,['OFF'],V4135,2,0,
730,['OFF'],V4136,2,0,
731,['OFF'],V4137,2,0,
732,['OFF'],V4138,2,0,
733,['OFF'],V4139,2,0,
734,['OFF'],V4140,2,0,
735,['OFF'],V4141,2,0,
736,['OFF'],V4142,2,0,
737,['ON'],V4149,2,0,
738,['OFF' 'ON'],V4150,4,1,
739,['OFF' 'ON'],V4151,4,1,
740,['ON'],V4152,2,0,
741,['ON'],V4153,2,0,
742,['OFF'],V4154,2,0,
743,['ON'],V4163,2,0,
744,['ON'],V4164,2,0,
745,['OFF'],V4165,2,0,
746,['ON'],V4166,2,0,
747,['OFF' 'ON'],V4177,4,1,
748,['OFF' 'ON'],V4178,4,1,
749,['ON' 'OFF'],V4179,4,1,
750,['ON' 'OFF'],V4180,4,1,
751,['OFF' 'ON'],V4181,4,1,
752,['OFF' 'ON'],V4182,4,1,
753,['ON' 'OFF'],V4183,4,1,
754,['ON' 'OFF'],V4184,4,1,
755,['OFF'],V4185,2,0,
756,['OFF'],V4186,2,0,
757,['OFF'],V4191,2,0,
758,['OFF'],V4193,2,0,
759,['ON'],V4194,2,0,
760,['ON'],V4195,2,0,
761,['ON'],V4196,2,0,
762,['ON'],V4197,2,0,
763,['ON'],V4198,2,0,
764,['ON'],V4199,2,0,
765,['ON'],V4200,2,0,
766,['ON'],V4201,2,0,
767,['ON'],V4202,2,0,
768,['ON'],V4203,2,0,
769,['ON'],V4204,2,0,
770,['ON'],V4205,2,0,
771,['ON'],V4206,2,0,
772,['ON'],V4207,2,0,
773,['ON'],V4208,2,0,
774,['OFF'],V4228,2,0,
775,['OFF'],V4229,2,0,
776,['ON'],V4231,2,0,
777,['ON'],V4232,2,0,
778,['ON'],V4233,2,0,
779,['ON'],V4234,2,0,
780,['ON'],V4235,2,0,
781,['ON'],V4236,2,0,
782,['OFF'],V4237,2,0,
783,['OFF'],V4238,2,0,
784,['ON'],V4239,2,0,
785,['ON'],V4240,2,0,
786,['ON'],V4241,2,0,
787,['ON'],V4242,2,0,
788,['ON'],V4243,2,0,
789,['ON'],V4244,2,0,
790,['ON'],V4245,2,0,
791,['ON'],V4246,2,0,
792,['ON'],V4247,2,0,
793,['ON'],V4248,2,0,
794,['OFF'],V4251,2,0,
795,['OFF'],V4252,2,0,
796,['ON'],V4256,2,0,
797,['ON'],V4257,2,0,
798,['ON'],V4258,2,0,
799,['ON'],V4259,2,0,
800,['OFF'],V4262,2,0,
801,['ON'],V4265,2,0,
802,['ON'],V4266,2,0,
803,['ON'],V4267,2,0,
804,['ON'],V4268,2,0,
805,['ON'],V4269,2,0,
806,['ON'],V4270,2,0,
807,['ON'],V4271,2,0,
808,['ON'],V4272,2,0,
809,['ON'],V4273,2,0,
810,['ON'],V4274,2,0,
811,['OFF'],V4277,2,0,
812,['OFF'],V4278,2,0,
813,['ON'],V4279,2,0,
814,['ON'],V4280,2,0,
815,['OFF'],V4281,2,0,
816,['OFF'],V4282,2,0,
817,['OFF'],V4283,2,0,
818,['OFF'],V4284,2,0,
819,['OFF'],V4285,2,0,
820,['OFF'],V4286,2,0,
821,['OFF'],V4287,2,0,
822,['OFF'],V4288,2,0,
823,['OFF'],V4289,2,0,
824,['OFF'],V4290,2,0,
825,['OFF'],V4291,2,0,
826,['OFF'],V4292,2,0,
827,['ON'],V4293,2,0,
828,['ON'],V4294,2,0,
829,['ON'],V4295,2,0,
830,['ON'],V4296,2,0,
831,['ON'],V4297,2,0,
832,['ON'],V4298,2,0,
833,['ON'],V4299,2,0,
834,['ON'],V4300,2,0,
835,['ON'],V4301,2,0,
836,['No Data'],V4312,2,0,
837,['No Data'],V4313,2,0,
838,['No Data'],V4314,2,0,
839,['No Data'],V4320,2,0,
840,['No Data'],V4321,2,0,
841,['No Data'],V4322,2,0,
842,['OFF'],V4763,2,0,
843,['OFF'],V4768,2,0,
844,['ON'],V4769,2,0,
845,['ON'],V4770,2,0,
846,['ON'],V4771,2,0,
847,['ON'],V4772,2,0,
848,['ON'],V4773,2,0,
849,['ON'],V4774,2,0,
850,['ON'],V4775,2,0,
851,['OFF' 'ON'],V4776,4,1,
852,['ON'],V4777,2,0,
853,['OFF'],V4778,2,0,
854,['ON'],V4779,2,0,
855,['ON'],V4780,2,0,
856,['ON'],V4781,2,0,
857,['ON'],V4782,2,0,
858,['ON'],V4783,2,0,
859,['ON'],V4784,2,0,
860,['OFF'],V4785,2,0,
861,['ON'],V4786,2,0,
862,['ON'],V4787,2,0,
863,['ON'],V4788,2,0,
864,['ON'],V4789,2,0,
865,['ON'],V4790,2,0,
866,['ON'],V4791,2,0,
867,['ON'],V4792,2,0,
868,['ON'],V4793,2,0,
869,['OFF'],V4794,2,0,
870,['ON'],V4829,2,0,
871,['OFF'],V4830,2,0,
872,['ON' 'OFF'],V4831,4,1,
873,['OFF' 'ON'],V4832,4,1,
874,['ON'],V4857,2,0,
875,['ON'],V4858,2,0,
876,['ON'],V4859,2,0,
877,['ON'],V4860,2,0,
878,['ON'],V4861,2,0,
879,['ON'],V4862,2,0,
880,['OFF'],V4863,2,0,
881,['ON'],V4864,2,0,
882,['ON'],V4865,2,0,
883,['OFF'],V4866,2,0,
884,['ON'],V4867,2,0,
885,['ON'],V4868,2,0,
886,['ON'],V4869,2,0,
887,['ON'],V4870,2,0,
888,['ON'],V4871,2,0,
889,['ON'],V4872,2,0,
890,['ON'],V4873,2,0,
891,['ON'],V4874,2,0,
892,['OFF'],V4896,2,0,
893,['ON'],V4897,2,0,
894,['OFF'],V4898,2,0,
895,['ON' 'OFF'],V4899,4,1,
896,['ON'],V4900,2,0,
897,['OFF'],V4901,2,0,
898,['OFF' 'ON'],V4902,4,1,
899,['OFF'],V4903,2,0,
900,['ON'],V4904,2,0,
901,['ON'],V4905,2,0,
902,['OFF'],V4906,2,0,
903,['ON'],V4907,2,0,
904,['ON'],V4908,2,0,
905,['ON'],V4909,2,0,
906,['OFF'],V4910,2,0,
907,['OFF'],V4911,2,0,
908,['OFF'],V4912,2,0,
909,['OFF'],V4913,2,0,
910,['ON'],V4914,2,0,
911,['ON'],V4915,2,0,
912,['ON'],V4916,2,0,
913,['OFF'],V4917,2,0,
914,['ON'],V4929,2,0,
915,['OFF'],V4930,2,0,
916,['ON'],V4931,2,0,
917,['OFF'],V4932,2,0,
918,['ON'],V4933,2,0,
919,['ON'],V4934,2,0,
920,['ON'],V4935,2,0,
921,['ON'],V4936,2,0,
922,['ON'],V4937,2,0,
923,['ON'],V4938,2,0,
924,['ON'],V4939,2,0,
925,['ON'],V4940,2,0,
926,['ON'],V4941,2,0,
927,['ON'],V4942,2,0,
928,['ON'],V4943,2,0,
929,['ON'],V4944,2,0,
930,['ON'],V4945,2,0,
931,['ON'],V4946,2,0,
932,['ON'],V4947,2,0,
933,['ON'],V4948,2,0,
934,['ON'],V4949,2,0,
935,['ON'],V4950,2,0,
936,['OFF'],V4951,2,0,
937,['OFF'],V4952,2,0,
938,['ON'],V4953,2,0,
939,['ON'],V4954,2,0,
940,['ON'],V4955,2,0,
941,['ON'],V4956,2,0,
942,['ON'],V4957,2,0,
943,['ON'],V4958,2,0,
944,['ON'],V4967,2,0,
945,['OFF'],V4972,2,0,
946,['OFF'],V4973,2,0,
947,['OFF'],V4974,2,0,
948,['OFF'],V4975,2,0,
949,['ON'],V5026,2,0,
950,['ON'],V5027,2,0,
951,['ON'],V5028,2,0,
952,['ON'],V5029,2,0,
953,['OFF'],V5030,2,0,
954,['ON'],V5031,2,0,
955,['OFF'],V5032,2,0,
956,['ON'],V5033,2,0,
957,['OFF'],V5034,2,0,
958,['ON'],V5035,2,0,
959,['OFF'],V5036,2,0,
960,['ON'],V5037,2,0,
961,['ON'],V5038,2,0,
962,['ON'],V5039,2,0,
963,['ON'],V5040,2,0,
964,['ON'],V5041,2,0,
965,['OFF'],V5042,2,0,
966,['OFF'],V5043,2,0,
967,['ON'],V5044,2,0,
968,['ON'],V5045,2,0,
969,['ON'],V5046,2,0,
970,['ON'],V5047,2,0,
971,['ON'],V5048,2,0,
972,['ON'],V5049,2,0,
973,['ON' 'OFF'],V5050,4,1,
974,['ON' 'OFF'],V5051,4,1,
975,['ON' 'OFF'],V5052,4,1,
976,['ON'],V5053,2,0,
977,['ON' 'OFF'],V5054,4,1,
978,['ON'],V5055,2,0,
979,['ON' 'OFF'],V5056,4,1,
980,['ON'],V5057,2,0,
981,['OFF'],V5058,2,0,
982,['ON' 'OFF'],V5059,4,1,
983,['OFF' 'ON'],V5060,4,1,
984,['OFF' 'ON'],V5061,4,1,
985,['OFF' 'ON'],V5062,4,1,
986,['OFF' 'ON'],V5063,4,1,
987,['OFF' 'ON'],V5064,4,1,
988,['OFF' 'ON'],V5065,4,1,
989,['OFF' 'ON'],V5066,4,1,
990,['OFF'],V5067,2,0,
991,['OFF'],V5068,2,0,
992,['ON'],V5069,2,0,
993,['ON'],V5070,2,0,
994,['OFF'],V5071,2,0,
995,['ON'],V5072,2,0,
996,['ON'],V5073,2,0,
997,['ON'],V5081,2,0,
998,['ON'],V5082,2,0,
999,['ON'],V5083,2,0,
1000,['ON'],V5091,2,0,
1001,['ON'],V5092,2,0,
1002,['ON'],V5093,2,0,
1003,['ON'],V5094,2,0,
1004,['ON'],V5095,2,0,
1005,['OFF'],V5096,2,0,
1006,['OFF'],V5097,2,0,
1007,['ON'],V5098,2,0,
1008,['OFF'],V5099,2,0,
1009,['OFF'],V5100,2,0,
1010,['OFF'],V5101,2,0,
1011,['ON'],V5102,2,0,
1012,['ON'],V5103,2,0,
1013,['ON'],V5104,2,0,
1014,['ON'],V5105,2,0,
1015,['ON'],V5106,2,0,
1016,['ON'],V5107,2,0,
1017,['OFF'],V5108,2,0,
1018,['ON'],V5109,2,0,
1019,['ON'],V5110,2,0,
1020,['ON'],V5111,2,0,
1021,['ON'],V5112,2,0,
1022,['ON'],V5113,2,0,
1023,['ON'],V5114,2,0,
1024,['No Data'],V5115,2,0,
1025,['No Data'],V5119,2,0,
